index,labels
0,一
1,丁
2,七
3,万
4,丈
5,三
6,上
7,下
8,不
9,与
10,丐
11,丑
12,专
13,且
14,世
15,丘
16,丙
17,业
18,丛
19,东
20,丝
21,丢
22,两
23,严
24,丧
25,个
26,丫
27,中
28,丰
29,串
30,临
31,丸
32,丹
33,为
34,主
35,丽
36,举
37,乃
38,久
39,么
40,义
41,之
42,乌
43,乍
44,乎
45,乏
46,乐
47,乒
48,乓
49,乔
50,乖
51,乘
52,乙
53,九
54,乞
55,也
56,习
57,乡
58,书
59,买
60,乱
61,乳
62,乾
63,了
64,予
65,争
66,事
67,二
68,于
69,亏
70,云
71,互
72,五
73,井
74,亚
75,些
76,亡
77,亢
78,交
79,亥
80,亦
81,产
82,亨
83,亩
84,享
85,京
86,亭
87,亮
88,亲
89,人
90,亿
91,什
92,仁
93,仅
94,仆
95,仇
96,今
97,介
98,仍
99,从
100,仑
101,仓
102,仔
103,仕
104,他
105,仗
106,付
107,仙
108,仟
109,代
110,令
111,以
112,仪
113,们
114,仰
115,仲
116,件
117,价
118,任
119,份
120,仿
121,企
122,伊
123,伍
124,伎
125,伏
126,伐
127,休
128,众
129,优
130,伙
131,会
132,伞
133,伟
134,传
135,伤
136,伦
137,伪
138,伯
139,估
140,伴
141,伶
142,伸
143,伺
144,似
145,佃
146,但
147,位
148,低
149,住
150,佐
151,佑
152,体
153,何
154,余
155,佛
156,作
157,你
158,佣
159,佩
160,佬
161,佯
162,佰
163,佳
164,使
165,侄
166,侈
167,例
168,侍
169,侗
170,供
171,依
172,侠
173,侣
174,侥
175,侦
176,侧
177,侨
178,侩
179,侮
180,侯
181,侵
182,便
183,促
184,俄
185,俊
186,俏
187,俐
188,俗
189,俘
190,保
191,俞
192,信
193,俩
194,俭
195,修
196,俯
197,俱
198,俺
199,倍
200,倒
201,倔
202,倘
203,候
204,倚
205,借
206,倡
207,倦
208,倪
209,债
210,值
211,倾
212,假
213,偎
214,偏
215,做
216,停
217,健
218,偶
219,偷
220,偿
221,傀
222,傅
223,傍
224,傣
225,储
226,催
227,傲
228,傻
229,像
230,僚
231,僧
232,僵
233,僻
234,儒
235,儡
236,儿
237,允
238,元
239,兄
240,充
241,兆
242,先
243,光
244,克
245,免
246,兑
247,兔
248,党
249,兜
250,兢
251,入
252,全
253,八
254,公
255,六
256,兰
257,共
258,关
259,兴
260,兵
261,其
262,具
263,典
264,兹
265,养
266,兼
267,兽
268,冀
269,内
270,冈
271,冉
272,册
273,再
274,冒
275,冕
276,冗
277,写
278,军
279,农
280,冠
281,冤
282,冬
283,冯
284,冰
285,冲
286,决
287,况
288,冶
289,冷
290,冻
291,净
292,凄
293,准
294,凉
295,凋
296,凌
297,减
298,凑
299,凛
300,凝
301,几
302,凡
303,凤
304,凫
305,凭
306,凯
307,凰
308,凳
309,凶
310,凸
311,凹
312,出
313,击
314,函
315,凿
316,刀
317,刁
318,刃
319,分
320,切
321,刊
322,刑
323,划
324,列
325,刘
326,则
327,刚
328,创
329,初
330,删
331,判
332,刨
333,利
334,别
335,刮
336,到
337,制
338,刷
339,券
340,刹
341,刺
342,刻
343,刽
344,剁
345,剂
346,剃
347,削
348,前
349,剐
350,剑
351,剔
352,剖
353,剥
354,剧
355,剩
356,剪
357,副
358,割
359,剿
360,劈
361,力
362,劝
363,办
364,功
365,加
366,务
367,劣
368,动
369,助
370,努
371,劫
372,励
373,劲
374,劳
375,势
376,勃
377,勇
378,勉
379,勋
380,勒
381,勘
382,募
383,勤
384,勺
385,勾
386,勿
387,匀
388,包
389,匆
390,匈
391,匕
392,化
393,北
394,匙
395,匝
396,匠
397,匡
398,匣
399,匪
400,匹
401,区
402,医
403,匾
404,匿
405,十
406,千
407,升
408,午
409,卉
410,半
411,华
412,协
413,卑
414,卒
415,卓
416,单
417,卖
418,南
419,博
420,卜
421,卞
422,占
423,卡
424,卢
425,卤
426,卦
427,卧
428,卫
429,卯
430,印
431,危
432,即
433,却
434,卵
435,卷
436,卸
437,卿
438,厂
439,厄
440,厅
441,历
442,厉
443,压
444,厌
445,厕
446,厘
447,厚
448,原
449,厢
450,厦
451,厨
452,厩
453,去
454,县
455,叁
456,参
457,又
458,叉
459,及
460,友
461,双
462,反
463,发
464,叔
465,取
466,受
467,变
468,叙
469,叛
470,叠
471,口
472,古
473,句
474,另
475,叨
476,只
477,叫
478,召
479,叭
480,叮
481,可
482,台
483,史
484,右
485,叶
486,号
487,司
488,叹
489,叼
490,叽
491,吁
492,吃
493,各
494,吆
495,合
496,吉
497,吊
498,同
499,名
500,后
501,吏
502,吐
503,向
504,吓
505,吕
506,吗
507,君
508,吝
509,吞
510,吟
511,吠
512,否
513,吧
514,吨
515,吩
516,含
517,听
518,吭
519,吮
520,启
521,吱
522,吴
523,吵
524,吸
525,吹
526,吻
527,吼
528,吾
529,呀
530,呆
531,呈
532,告
533,呐
534,呕
535,员
536,呛
537,呜
538,呢
539,周
540,味
541,呵
542,呸
543,呻
544,呼
545,命
546,咀
547,咆
548,咋
549,和
550,咎
551,咏
552,咐
553,咒
554,咕
555,咖
556,咙
557,咧
558,咨
559,咪
560,咬
561,咯
562,咱
563,咳
564,咸
565,咽
566,哀
567,品
568,哄
569,哆
570,哇
571,哈
572,哉
573,响
574,哎
575,哑
576,哗
577,哟
578,哥
579,哦
580,哨
581,哩
582,哪
583,哭
584,哮
585,哲
586,哺
587,哼
588,唁
589,唆
590,唇
591,唉
592,唐
593,唠
594,唤
595,唧
596,唬
597,售
598,唯
599,唱
600,唾
601,啃
602,啄
603,商
604,啊
605,啡
606,啤
607,啥
608,啦
609,啪
610,啮
611,啰
612,啸
613,啼
614,喀
615,喂
616,善
617,喇
618,喉
619,喊
620,喘
621,喜
622,喝
623,喧
624,喳
625,喷
626,喻
627,嗅
628,嗓
629,嗜
630,嗡
631,嗣
632,嗤
633,嗦
634,嗽
635,嘀
636,嘁
637,嘉
638,嘎
639,嘘
640,嘛
641,嘱
642,嘲
643,嘴
644,嘶
645,嘹
646,嘻
647,嘿
648,噎
649,器
650,噩
651,噪
652,噬
653,噶
654,嚎
655,嚏
656,嚣
657,嚷
658,嚼
659,囊
660,囚
661,四
662,回
663,因
664,团
665,囤
666,园
667,困
668,囱
669,围
670,固
671,国
672,图
673,圃
674,圆
675,圈
676,土
677,圣
678,在
679,圭
680,地
681,场
682,圾
683,址
684,均
685,坊
686,坍
687,坎
688,坏
689,坐
690,坑
691,块
692,坚
693,坛
694,坝
695,坞
696,坟
697,坠
698,坡
699,坤
700,坦
701,坪
702,坯
703,坷
704,垂
705,垃
706,垄
707,型
708,垒
709,垛
710,垢
711,垣
712,垦
713,垫
714,垮
715,埂
716,埃
717,埋
718,城
719,埔
720,域
721,埠
722,培
723,基
724,堂
725,堆
726,堑
727,堕
728,堡
729,堤
730,堪
731,堰
732,堵
733,塌
734,塑
735,塔
736,塘
737,塞
738,填
739,境
740,墅
741,墒
742,墓
743,墙
744,增
745,墟
746,墨
747,墩
748,壁
749,壕
750,壤
751,士
752,壬
753,壮
754,声
755,壳
756,壶
757,壹
758,处
759,备
760,复
761,夏
762,夕
763,外
764,多
765,夜
766,够
767,大
768,天
769,太
770,夫
771,夭
772,央
773,夯
774,失
775,头
776,夷
777,夸
778,夹
779,夺
780,奄
781,奇
782,奈
783,奉
784,奋
785,奎
786,奏
787,契
788,奔
789,奕
790,奖
791,套
792,奠
793,奢
794,奥
795,女
796,奴
797,奶
798,奸
799,她
800,好
801,如
802,妄
803,妆
804,妇
805,妈
806,妊
807,妒
808,妓
809,妖
810,妙
811,妥
812,妨
813,妮
814,妹
815,妻
816,姆
817,姊
818,始
819,姐
820,姑
821,姓
822,委
823,姚
824,姜
825,姥
826,姨
827,姬
828,姻
829,姿
830,威
831,娃
832,娄
833,娇
834,娘
835,娜
836,娟
837,娠
838,娥
839,娩
840,娱
841,娶
842,婆
843,婉
844,婚
845,婪
846,婴
847,婶
848,婿
849,媒
850,媚
851,媳
852,嫁
853,嫂
854,嫉
855,嫌
856,嫡
857,嫩
858,嬉
859,子
860,孔
861,孕
862,字
863,存
864,孙
865,孜
866,孝
867,孟
868,季
869,孤
870,学
871,孩
872,孪
873,孰
874,孵
875,孺
876,孽
877,宁
878,它
879,宅
880,宇
881,守
882,安
883,宋
884,完
885,宏
886,宗
887,官
888,宙
889,定
890,宛
891,宜
892,宝
893,实
894,宠
895,审
896,客
897,宣
898,室
899,宦
900,宪
901,宫
902,宰
903,害
904,宴
905,宵
906,家
907,容
908,宽
909,宾
910,宿
911,寂
912,寄
913,寅
914,密
915,寇
916,富
917,寐
918,寒
919,寓
920,寝
921,寞
922,察
923,寡
924,寥
925,寨
926,寸
927,对
928,寺
929,寻
930,导
931,寿
932,封
933,射
934,将
935,尉
936,尊
937,小
938,少
939,尔
940,尖
941,尘
942,尚
943,尝
944,尤
945,尧
946,就
947,尸
948,尹
949,尺
950,尼
951,尽
952,尾
953,尿
954,局
955,屁
956,层
957,居
958,屈
959,屉
960,届
961,屋
962,屎
963,屏
964,屑
965,展
966,属
967,屠
968,屡
969,履
970,屯
971,山
972,屹
973,屿
974,岁
975,岂
976,岔
977,岖
978,岗
979,岛
980,岩
981,岭
982,岳
983,岸
984,岿
985,峙
986,峡
987,峦
988,峨
989,峪
990,峭
991,峰
992,峻
993,崇
994,崎
995,崔
996,崖
997,崩
998,崭
999,嵌
1000,巍
1001,川
1002,州
1003,巡
1004,巢
1005,工
1006,左
1007,巧
1008,巨
1009,巩
1010,巫
1011,差
1012,己
1013,已
1014,巳
1015,巴
1016,巷
1017,巾
1018,币
1019,市
1020,布
1021,帅
1022,帆
1023,师
1024,希
1025,帐
1026,帕
1027,帖
1028,帘
1029,帚
1030,帛
1031,帜
1032,帝
1033,带
1034,帧
1035,席
1036,帮
1037,常
1038,帽
1039,幂
1040,幅
1041,幌
1042,幔
1043,幕
1044,幢
1045,干
1046,平
1047,年
1048,并
1049,幸
1050,幻
1051,幼
1052,幽
1053,广
1054,庄
1055,庆
1056,庇
1057,床
1058,序
1059,庐
1060,库
1061,应
1062,底
1063,店
1064,庙
1065,庚
1066,府
1067,庞
1068,废
1069,度
1070,座
1071,庭
1072,庵
1073,庶
1074,康
1075,庸
1076,廉
1077,廊
1078,廓
1079,廖
1080,延
1081,廷
1082,建
1083,开
1084,异
1085,弃
1086,弄
1087,弊
1088,式
1089,弓
1090,引
1091,弗
1092,弘
1093,弛
1094,弟
1095,张
1096,弥
1097,弦
1098,弧
1099,弯
1100,弱
1101,弹
1102,强
1103,归
1104,当
1105,录
1106,彝
1107,形
1108,彤
1109,彦
1110,彩
1111,彪
1112,彬
1113,彭
1114,彰
1115,影
1116,役
1117,彻
1118,彼
1119,往
1120,征
1121,径
1122,待
1123,很
1124,徊
1125,律
1126,徐
1127,徒
1128,得
1129,徘
1130,徙
1131,御
1132,循
1133,微
1134,德
1135,徽
1136,心
1137,必
1138,忆
1139,忌
1140,忍
1141,志
1142,忘
1143,忙
1144,忠
1145,忧
1146,快
1147,忱
1148,念
1149,忻
1150,忽
1151,忿
1152,怀
1153,态
1154,怂
1155,怎
1156,怒
1157,怔
1158,怕
1159,怖
1160,怜
1161,思
1162,怠
1163,急
1164,性
1165,怨
1166,怪
1167,怯
1168,总
1169,恃
1170,恋
1171,恍
1172,恐
1173,恒
1174,恕
1175,恢
1176,恤
1177,恨
1178,恩
1179,恫
1180,恬
1181,恭
1182,息
1183,恰
1184,恳
1185,恶
1186,恼
1187,恿
1188,悄
1189,悉
1190,悍
1191,悔
1192,悟
1193,悠
1194,患
1195,悦
1196,您
1197,悬
1198,悯
1199,悲
1200,悴
1201,悸
1202,悼
1203,情
1204,惊
1205,惋
1206,惑
1207,惕
1208,惜
1209,惟
1210,惠
1211,惦
1212,惧
1213,惨
1214,惩
1215,惫
1216,惭
1217,惮
1218,惯
1219,惰
1220,想
1221,惶
1222,惹
1223,惺
1224,愁
1225,愈
1226,愉
1227,意
1228,愕
1229,愚
1230,感
1231,愤
1232,愧
1233,愿
1234,慈
1235,慌
1236,慎
1237,慑
1238,慕
1239,慢
1240,慧
1241,慨
1242,慰
1243,慷
1244,憋
1245,憎
1246,憔
1247,憨
1248,憾
1249,懂
1250,懈
1251,懊
1252,懒
1253,懦
1254,戈
1255,戊
1256,戌
1257,戍
1258,戎
1259,戏
1260,成
1261,我
1262,戒
1263,或
1264,战
1265,戚
1266,截
1267,戮
1268,戳
1269,戴
1270,户
1271,房
1272,所
1273,扁
1274,扇
1275,手
1276,才
1277,扎
1278,扑
1279,扒
1280,打
1281,扔
1282,托
1283,扛
1284,扣
1285,扦
1286,执
1287,扩
1288,扫
1289,扬
1290,扭
1291,扮
1292,扯
1293,扰
1294,扳
1295,扶
1296,批
1297,扼
1298,找
1299,承
1300,技
1301,抄
1302,抉
1303,把
1304,抑
1305,抒
1306,抓
1307,投
1308,抖
1309,抗
1310,折
1311,抚
1312,抛
1313,抠
1314,抡
1315,抢
1316,护
1317,报
1318,抨
1319,披
1320,抬
1321,抱
1322,抵
1323,抹
1324,押
1325,抽
1326,抿
1327,拂
1328,拄
1329,担
1330,拆
1331,拇
1332,拈
1333,拉
1334,拌
1335,拍
1336,拎
1337,拐
1338,拒
1339,拓
1340,拔
1341,拖
1342,拗
1343,拘
1344,拙
1345,招
1346,拜
1347,拟
1348,拢
1349,拣
1350,拥
1351,拦
1352,拧
1353,拨
1354,择
1355,括
1356,拭
1357,拯
1358,拱
1359,拳
1360,拴
1361,拷
1362,拼
1363,拽
1364,拾
1365,拿
1366,持
1367,挂
1368,指
1369,按
1370,挎
1371,挑
1372,挖
1373,挚
1374,挛
1375,挝
1376,挞
1377,挟
1378,挠
1379,挡
1380,挣
1381,挤
1382,挥
1383,挨
1384,挪
1385,挫
1386,振
1387,挺
1388,挽
1389,捂
1390,捅
1391,捆
1392,捉
1393,捌
1394,捍
1395,捎
1396,捏
1397,捐
1398,捕
1399,捞
1400,损
1401,捡
1402,换
1403,捣
1404,捧
1405,据
1406,捶
1407,捷
1408,捺
1409,捻
1410,掀
1411,掂
1412,掇
1413,授
1414,掉
1415,掌
1416,掏
1417,掐
1418,排
1419,掖
1420,掘
1421,掠
1422,探
1423,掣
1424,接
1425,控
1426,推
1427,掩
1428,措
1429,掰
1430,掳
1431,掷
1432,掸
1433,掺
1434,揉
1435,揍
1436,描
1437,提
1438,插
1439,揖
1440,握
1441,揣
1442,揩
1443,揪
1444,揭
1445,援
1446,揽
1447,搀
1448,搁
1449,搂
1450,搅
1451,搏
1452,搐
1453,搓
1454,搔
1455,搜
1456,搞
1457,搪
1458,搬
1459,搭
1460,携
1461,搽
1462,摄
1463,摆
1464,摇
1465,摈
1466,摊
1467,摔
1468,摘
1469,摧
1470,摩
1471,摸
1472,摹
1473,撂
1474,撅
1475,撇
1476,撑
1477,撒
1478,撕
1479,撞
1480,撤
1481,撩
1482,撬
1483,播
1484,撮
1485,撰
1486,撵
1487,撼
1488,擂
1489,擅
1490,操
1491,擎
1492,擒
1493,擞
1494,擦
1495,攀
1496,攒
1497,攘
1498,攫
1499,支
1500,收
1501,改
1502,攻
1503,放
1504,政
1505,故
1506,效
1507,敌
1508,敏
1509,救
1510,敖
1511,教
1512,敛
1513,敝
1514,敞
1515,敢
1516,散
1517,敦
1518,敬
1519,数
1520,敲
1521,整
1522,敷
1523,文
1524,斋
1525,斌
1526,斑
1527,斗
1528,料
1529,斜
1530,斟
1531,斡
1532,斤
1533,斥
1534,斧
1535,斩
1536,断
1537,斯
1538,新
1539,方
1540,施
1541,旁
1542,旅
1543,旋
1544,族
1545,旗
1546,无
1547,既
1548,日
1549,旦
1550,旧
1551,旨
1552,早
1553,旬
1554,旭
1555,旱
1556,时
1557,旷
1558,旺
1559,昂
1560,昆
1561,昌
1562,明
1563,昏
1564,易
1565,昔
1566,昙
1567,星
1568,映
1569,春
1570,昧
1571,昨
1572,昭
1573,是
1574,昵
1575,昼
1576,显
1577,晃
1578,晋
1579,晌
1580,晒
1581,晓
1582,晕
1583,晚
1584,晤
1585,晦
1586,晨
1587,普
1588,景
1589,晰
1590,晴
1591,晶
1592,智
1593,晾
1594,暂
1595,暇
1596,暑
1597,暖
1598,暗
1599,暮
1600,暴
1601,曙
1602,曝
1603,曰
1604,曲
1605,曳
1606,更
1607,曹
1608,曼
1609,曾
1610,替
1611,最
1612,月
1613,有
1614,朋
1615,服
1616,朔
1617,朗
1618,望
1619,朝
1620,期
1621,朦
1622,木
1623,未
1624,末
1625,本
1626,札
1627,术
1628,朱
1629,朴
1630,朵
1631,机
1632,朽
1633,杀
1634,杂
1635,权
1636,杆
1637,杈
1638,杉
1639,李
1640,杏
1641,材
1642,村
1643,杖
1644,杜
1645,束
1646,杠
1647,条
1648,来
1649,杨
1650,杭
1651,杯
1652,杰
1653,松
1654,板
1655,极
1656,构
1657,枉
1658,析
1659,枕
1660,林
1661,枚
1662,果
1663,枝
1664,枢
1665,枣
1666,枪
1667,枫
1668,枯
1669,架
1670,枷
1671,柄
1672,柏
1673,某
1674,柑
1675,柒
1676,染
1677,柔
1678,柜
1679,柠
1680,查
1681,柬
1682,柯
1683,柱
1684,柳
1685,柴
1686,柿
1687,栅
1688,标
1689,栈
1690,栋
1691,栏
1692,树
1693,栓
1694,栖
1695,栗
1696,校
1697,株
1698,样
1699,核
1700,根
1701,格
1702,栽
1703,桂
1704,桃
1705,桅
1706,框
1707,案
1708,桌
1709,桐
1710,桑
1711,桓
1712,桔
1713,档
1714,桥
1715,桦
1716,桨
1717,桩
1718,桶
1719,梁
1720,梅
1721,梆
1722,梗
1723,梢
1724,梦
1725,梧
1726,梨
1727,梭
1728,梯
1729,械
1730,梳
1731,检
1732,棉
1733,棋
1734,棍
1735,棒
1736,棕
1737,棘
1738,棚
1739,棠
1740,森
1741,棱
1742,棵
1743,棺
1744,椅
1745,植
1746,椎
1747,椒
1748,椭
1749,椰
1750,椽
1751,椿
1752,楔
1753,楚
1754,楞
1755,楣
1756,楷
1757,楼
1758,概
1759,榄
1760,榆
1761,榔
1762,榕
1763,榛
1764,榜
1765,榨
1766,榴
1767,榷
1768,槐
1769,槛
1770,槽
1771,樊
1772,樟
1773,模
1774,横
1775,樱
1776,橄
1777,橇
1778,橘
1779,橙
1780,橡
1781,橱
1782,檀
1783,檄
1784,檐
1785,檩
1786,檬
1787,欠
1788,次
1789,欢
1790,欣
1791,欧
1792,欲
1793,欺
1794,款
1795,歇
1796,歉
1797,歌
1798,止
1799,正
1800,此
1801,步
1802,武
1803,歧
1804,歪
1805,歹
1806,死
1807,歼
1808,殃
1809,殆
1810,殉
1811,殊
1812,残
1813,殖
1814,殴
1815,段
1816,殷
1817,殿
1818,毁
1819,毅
1820,毋
1821,母
1822,每
1823,毒
1824,比
1825,毕
1826,毖
1827,毗
1828,毙
1829,毛
1830,毡
1831,毫
1832,毯
1833,氏
1834,民
1835,氓
1836,气
1837,氖
1838,氛
1839,氟
1840,氢
1841,氦
1842,氧
1843,氨
1844,氮
1845,氯
1846,氰
1847,水
1848,永
1849,汀
1850,汁
1851,求
1852,汇
1853,汉
1854,汐
1855,汕
1856,汗
1857,汛
1858,汝
1859,汞
1860,江
1861,池
1862,污
1863,汤
1864,汪
1865,汰
1866,汲
1867,汹
1868,汽
1869,汾
1870,沁
1871,沂
1872,沃
1873,沈
1874,沉
1875,沏
1876,沐
1877,沙
1878,沛
1879,沟
1880,没
1881,沤
1882,沥
1883,沦
1884,沧
1885,沪
1886,沫
1887,沮
1888,河
1889,沸
1890,油
1891,治
1892,沼
1893,沽
1894,沾
1895,沿
1896,泄
1897,泅
1898,泉
1899,泊
1900,泌
1901,法
1902,泛
1903,泞
1904,泡
1905,波
1906,泣
1907,泥
1908,注
1909,泪
1910,泰
1911,泳
1912,泵
1913,泻
1914,泼
1915,泽
1916,洁
1917,洋
1918,洒
1919,洗
1920,洛
1921,洞
1922,津
1923,洪
1924,洱
1925,洲
1926,活
1927,洼
1928,洽
1929,派
1930,流
1931,浅
1932,浆
1933,浇
1934,浊
1935,测
1936,济
1937,浑
1938,浓
1939,浙
1940,浚
1941,浦
1942,浩
1943,浪
1944,浮
1945,浴
1946,海
1947,浸
1948,涂
1949,涅
1950,消
1951,涉
1952,涌
1953,涎
1954,涕
1955,涛
1956,涝
1957,涟
1958,涡
1959,涣
1960,涤
1961,润
1962,涧
1963,涨
1964,涩
1965,涪
1966,涮
1967,涯
1968,液
1969,涵
1970,涸
1971,淀
1972,淄
1973,淆
1974,淋
1975,淌
1976,淑
1977,淖
1978,淘
1979,淡
1980,淤
1981,淫
1982,淬
1983,淮
1984,深
1985,淳
1986,混
1987,淹
1988,添
1989,清
1990,渊
1991,渍
1992,渐
1993,渔
1994,渗
1995,渝
1996,渠
1997,渡
1998,渣
1999,渤
2000,温
2001,渭
2002,港
2003,渴
2004,游
2005,渺
2006,湃
2007,湍
2008,湖
2009,湘
2010,湛
2011,湾
2012,湿
2013,溃
2014,溅
2015,溉
2016,源
2017,溜
2018,溢
2019,溪
2020,溯
2021,溶
2022,溺
2023,滁
2024,滇
2025,滋
2026,滑
2027,滓
2028,滔
2029,滚
2030,滞
2031,满
2032,滤
2033,滥
2034,滦
2035,滨
2036,滩
2037,滴
2038,漂
2039,漆
2040,漏
2041,漓
2042,演
2043,漠
2044,漩
2045,漫
2046,漱
2047,漳
2048,漾
2049,潍
2050,潘
2051,潜
2052,潞
2053,潦
2054,潭
2055,潮
2056,澄
2057,澈
2058,澎
2059,澜
2060,澡
2061,澳
2062,激
2063,濒
2064,瀑
2065,灌
2066,火
2067,灭
2068,灯
2069,灰
2070,灵
2071,灶
2072,灸
2073,灼
2074,灾
2075,灿
2076,炉
2077,炊
2078,炎
2079,炒
2080,炔
2081,炕
2082,炙
2083,炫
2084,炬
2085,炭
2086,炮
2087,炯
2088,炳
2089,炸
2090,点
2091,炼
2092,炽
2093,烁
2094,烂
2095,烈
2096,烘
2097,烙
2098,烛
2099,烟
2100,烤
2101,烦
2102,烧
2103,烫
2104,烬
2105,热
2106,烯
2107,烷
2108,烹
2109,烽
2110,焉
2111,焊
2112,焕
2113,焙
2114,焚
2115,焦
2116,焰
2117,然
2118,煌
2119,煎
2120,煞
2121,煤
2122,照
2123,煮
2124,煽
2125,熄
2126,熊
2127,熏
2128,熔
2129,熙
2130,熟
2131,熬
2132,燃
2133,燎
2134,燕
2135,燥
2136,爆
2137,爪
2138,爬
2139,爱
2140,爵
2141,父
2142,爷
2143,爸
2144,爹
2145,爽
2146,片
2147,版
2148,牌
2149,牍
2150,牙
2151,牛
2152,牟
2153,牡
2154,牢
2155,牧
2156,物
2157,牲
2158,牵
2159,特
2160,牺
2161,犀
2162,犁
2163,犊
2164,犬
2165,犯
2166,状
2167,犹
2168,狂
2169,狄
2170,狈
2171,狐
2172,狗
2173,狙
2174,狞
2175,狠
2176,狡
2177,独
2178,狭
2179,狮
2180,狰
2181,狱
2182,狸
2183,狼
2184,猎
2185,猖
2186,猛
2187,猜
2188,猩
2189,猪
2190,猫
2191,猬
2192,献
2193,猴
2194,猾
2195,猿
2196,獭
2197,玄
2198,率
2199,玉
2200,王
2201,玖
2202,玛
2203,玩
2204,玫
2205,环
2206,现
2207,玲
2208,玷
2209,玻
2210,珊
2211,珍
2212,珠
2213,班
2214,球
2215,琅
2216,理
2217,琉
2218,琐
2219,琢
2220,琳
2221,琴
2222,琵
2223,琶
2224,琼
2225,瑚
2226,瑞
2227,瑟
2228,瑰
2229,瑶
2230,璃
2231,璧
2232,瓜
2233,瓢
2234,瓣
2235,瓤
2236,瓦
2237,瓮
2238,瓶
2239,瓷
2240,甄
2241,甘
2242,甚
2243,甜
2244,生
2245,甥
2246,用
2247,甩
2248,甫
2249,甭
2250,田
2251,由
2252,甲
2253,申
2254,电
2255,男
2256,甸
2257,画
2258,畅
2259,界
2260,畏
2261,畔
2262,留
2263,畜
2264,略
2265,畦
2266,番
2267,畴
2268,畸
2269,疆
2270,疏
2271,疑
2272,疗
2273,疙
2274,疚
2275,疟
2276,疡
2277,疤
2278,疥
2279,疫
2280,疮
2281,疯
2282,疲
2283,疵
2284,疹
2285,疼
2286,疽
2287,疾
2288,病
2289,症
2290,痈
2291,痉
2292,痊
2293,痒
2294,痔
2295,痕
2296,痘
2297,痛
2298,痞
2299,痢
2300,痪
2301,痰
2302,痴
2303,痹
2304,瘁
2305,瘟
2306,瘤
2307,瘦
2308,瘩
2309,瘪
2310,瘫
2311,瘴
2312,瘸
2313,瘾
2314,癌
2315,癞
2316,癣
2317,癸
2318,登
2319,白
2320,百
2321,皂
2322,的
2323,皆
2324,皇
2325,皋
2326,皑
2327,皖
2328,皮
2329,皱
2330,皿
2331,盂
2332,盅
2333,盆
2334,盈
2335,益
2336,盎
2337,盏
2338,盐
2339,监
2340,盒
2341,盔
2342,盖
2343,盗
2344,盘
2345,盛
2346,盟
2347,目
2348,盯
2349,盲
2350,直
2351,相
2352,盹
2353,盼
2354,盾
2355,省
2356,眉
2357,看
2358,真
2359,眠
2360,眨
2361,眩
2362,眯
2363,眶
2364,眷
2365,眺
2366,眼
2367,着
2368,睁
2369,睛
2370,睡
2371,督
2372,睦
2373,睫
2374,睬
2375,睹
2376,瞄
2377,瞅
2378,瞎
2379,瞒
2380,瞥
2381,瞧
2382,瞩
2383,瞪
2384,瞬
2385,瞭
2386,瞳
2387,瞻
2388,矗
2389,矛
2390,矢
2391,矣
2392,知
2393,矩
2394,矫
2395,短
2396,矮
2397,石
2398,矾
2399,矿
2400,码
2401,砂
2402,砌
2403,砍
2404,砒
2405,研
2406,砖
2407,砚
2408,砧
2409,砰
2410,破
2411,砷
2412,砸
2413,砾
2414,础
2415,硅
2416,硕
2417,硝
2418,硫
2419,硬
2420,确
2421,硼
2422,碉
2423,碌
2424,碍
2425,碎
2426,碑
2427,碗
2428,碘
2429,碟
2430,碧
2431,碰
2432,碱
2433,碳
2434,碴
2435,碾
2436,磁
2437,磅
2438,磊
2439,磋
2440,磐
2441,磕
2442,磨
2443,磷
2444,磺
2445,礁
2446,示
2447,礼
2448,社
2449,祁
2450,祈
2451,祖
2452,祝
2453,神
2454,祟
2455,祠
2456,祥
2457,票
2458,祭
2459,祷
2460,祸
2461,禀
2462,禁
2463,禄
2464,福
2465,禹
2466,离
2467,禽
2468,禾
2469,秀
2470,私
2471,秃
2472,秆
2473,秉
2474,秋
2475,种
2476,科
2477,秒
2478,秕
2479,秘
2480,租
2481,秤
2482,秦
2483,秧
2484,秩
2485,秫
2486,积
2487,称
2488,秸
2489,移
2490,秽
2491,稀
2492,程
2493,稍
2494,税
2495,稗
2496,稚
2497,稠
2498,稳
2499,稻
2500,稼
2501,稽
2502,稿
2503,穆
2504,穗
2505,穴
2506,究
2507,穷
2508,空
2509,穿
2510,突
2511,窃
2512,窄
2513,窍
2514,窑
2515,窒
2516,窖
2517,窗
2518,窘
2519,窜
2520,窝
2521,窟
2522,窥
2523,窿
2524,立
2525,竖
2526,站
2527,竞
2528,竟
2529,章
2530,竣
2531,童
2532,竭
2533,端
2534,竹
2535,竿
2536,笆
2537,笋
2538,笑
2539,笔
2540,笙
2541,笛
2542,笤
2543,符
2544,笨
2545,第
2546,笺
2547,笼
2548,等
2549,筋
2550,筏
2551,筐
2552,筑
2553,筒
2554,答
2555,策
2556,筛
2557,筝
2558,筷
2559,筹
2560,签
2561,简
2562,箍
2563,箔
2564,箕
2565,算
2566,管
2567,箩
2568,箫
2569,箭
2570,箱
2571,篆
2572,篇
2573,篓
2574,篙
2575,篡
2576,篮
2577,篱
2578,篷
2579,簇
2580,簧
2581,簸
2582,簿
2583,籍
2584,米
2585,类
2586,籽
2587,粉
2588,粒
2589,粕
2590,粗
2591,粘
2592,粟
2593,粤
2594,粥
2595,粪
2596,粮
2597,粱
2598,粹
2599,精
2600,糊
2601,糕
2602,糖
2603,糙
2604,糜
2605,糟
2606,糠
2607,糯
2608,系
2609,紊
2610,素
2611,索
2612,紧
2613,紫
2614,累
2615,絮
2616,繁
2617,纂
2618,纠
2619,红
2620,纤
2621,约
2622,级
2623,纪
2624,纫
2625,纬
2626,纯
2627,纱
2628,纲
2629,纳
2630,纵
2631,纶
2632,纷
2633,纸
2634,纹
2635,纺
2636,纽
2637,线
2638,练
2639,组
2640,绅
2641,细
2642,织
2643,终
2644,绊
2645,绍
2646,绎
2647,经
2648,绑
2649,绒
2650,结
2651,绕
2652,绘
2653,给
2654,绚
2655,络
2656,绝
2657,绞
2658,统
2659,绢
2660,绣
2661,绥
2662,绦
2663,继
2664,绩
2665,绪
2666,续
2667,绰
2668,绳
2669,维
2670,绵
2671,绷
2672,绸
2673,综
2674,绽
2675,绿
2676,缀
2677,缄
2678,缅
2679,缆
2680,缉
2681,缎
2682,缓
2683,缔
2684,缕
2685,编
2686,缘
2687,缚
2688,缝
2689,缠
2690,缤
2691,缨
2692,缩
2693,缭
2694,缮
2695,缰
2696,缴
2697,缸
2698,缺
2699,罐
2700,网
2701,罕
2702,罗
2703,罚
2704,罢
2705,罩
2706,罪
2707,置
2708,署
2709,羊
2710,羌
2711,美
2712,羔
2713,羚
2714,羞
2715,羡
2716,群
2717,羹
2718,羽
2719,翁
2720,翅
2721,翌
2722,翎
2723,翔
2724,翘
2725,翟
2726,翠
2727,翩
2728,翰
2729,翱
2730,翻
2731,翼
2732,耀
2733,老
2734,考
2735,者
2736,而
2737,耍
2738,耐
2739,耕
2740,耗
2741,耘
2742,耙
2743,耪
2744,耳
2745,耶
2746,耸
2747,耻
2748,耽
2749,耿
2750,聂
2751,聊
2752,聋
2753,职
2754,联
2755,聘
2756,聚
2757,聪
2758,肃
2759,肄
2760,肆
2761,肇
2762,肉
2763,肋
2764,肌
2765,肖
2766,肘
2767,肚
2768,肛
2769,肝
2770,肠
2771,股
2772,肢
2773,肤
2774,肥
2775,肩
2776,肪
2777,肮
2778,肯
2779,育
2780,肴
2781,肺
2782,肾
2783,肿
2784,胀
2785,胁
2786,胃
2787,胆
2788,背
2789,胎
2790,胖
2791,胚
2792,胜
2793,胞
2794,胡
2795,胧
2796,胯
2797,胰
2798,胳
2799,胶
2800,胸
2801,胺
2802,能
2803,脂
2804,脆
2805,脉
2806,脊
2807,脏
2808,脐
2809,脑
2810,脓
2811,脖
2812,脚
2813,脯
2814,脱
2815,脸
2816,脾
2817,腆
2818,腊
2819,腋
2820,腌
2821,腐
2822,腑
2823,腔
2824,腕
2825,腥
2826,腮
2827,腰
2828,腹
2829,腺
2830,腻
2831,腾
2832,腿
2833,膀
2834,膊
2835,膏
2836,膘
2837,膛
2838,膜
2839,膝
2840,膨
2841,膳
2842,臀
2843,臂
2844,臃
2845,臆
2846,臊
2847,臣
2848,自
2849,臭
2850,至
2851,致
2852,臻
2853,臼
2854,舀
2855,舅
2856,舆
2857,舌
2858,舍
2859,舒
2860,舔
2861,舜
2862,舞
2863,舟
2864,航
2865,般
2866,舰
2867,舱
2868,舵
2869,舶
2870,舷
2871,船
2872,艇
2873,艘
2874,良
2875,艰
2876,色
2877,艳
2878,艺
2879,艾
2880,节
2881,芋
2882,芍
2883,芒
2884,芙
2885,芜
2886,芝
2887,芥
2888,芦
2889,芬
2890,芭
2891,芯
2892,花
2893,芳
2894,芹
2895,芽
2896,苇
2897,苍
2898,苏
2899,苑
2900,苔
2901,苗
2902,苛
2903,苞
2904,苟
2905,若
2906,苦
2907,苫
2908,苯
2909,英
2910,苹
2911,茁
2912,茂
2913,范
2914,茄
2915,茅
2916,茉
2917,茎
2918,茧
2919,茨
2920,茫
2921,茬
2922,茴
2923,茵
2924,茶
2925,茸
2926,茹
2927,荆
2928,草
2929,荐
2930,荒
2931,荔
2932,荚
2933,荞
2934,荠
2935,荡
2936,荣
2937,荤
2938,荧
2939,荫
2940,药
2941,荷
2942,荸
2943,莆
2944,莉
2945,莎
2946,莫
2947,莱
2948,莲
2949,获
2950,莹
2951,莺
2952,莽
2953,菇
2954,菊
2955,菌
2956,菏
2957,菜
2958,菠
2959,菩
2960,菱
2961,菲
2962,萄
2963,萌
2964,萍
2965,萎
2966,萝
2967,萤
2968,营
2969,萧
2970,萨
2971,落
2972,著
2973,葛
2974,葡
2975,董
2976,葫
2977,葬
2978,葱
2979,葵
2980,蒂
2981,蒋
2982,蒙
2983,蒜
2984,蒲
2985,蒸
2986,蒿
2987,蓄
2988,蓉
2989,蓑
2990,蓖
2991,蓝
2992,蓟
2993,蓬
2994,蔑
2995,蔓
2996,蔗
2997,蔚
2998,蔡
2999,蔫
3000,蔬
3001,蔷
3002,蔼
3003,蔽
3004,蕉
3005,蕊
3006,蕴
3007,蕾
3008,薄
3009,薇
3010,薛
3011,薪
3012,薯
3013,藉
3014,藏
3015,藐
3016,藕
3017,藤
3018,藩
3019,藻
3020,蘑
3021,蘸
3022,虎
3023,虏
3024,虐
3025,虑
3026,虚
3027,虞
3028,虫
3029,虱
3030,虹
3031,虽
3032,虾
3033,蚀
3034,蚁
3035,蚂
3036,蚊
3037,蚌
3038,蚓
3039,蚕
3040,蚜
3041,蚣
3042,蚤
3043,蚪
3044,蚯
3045,蛀
3046,蛆
3047,蛇
3048,蛉
3049,蛊
3050,蛋
3051,蛔
3052,蛙
3053,蛛
3054,蛤
3055,蛮
3056,蛰
3057,蛹
3058,蛾
3059,蜀
3060,蜂
3061,蜈
3062,蜒
3063,蜓
3064,蜕
3065,蜗
3066,蜘
3067,蜜
3068,蜡
3069,蜻
3070,蝇
3071,蝉
3072,蝌
3073,蝎
3074,蝗
3075,蝙
3076,蝠
3077,蝴
3078,蝶
3079,螃
3080,融
3081,螟
3082,螺
3083,蟀
3084,蟆
3085,蟋
3086,蟥
3087,蟹
3088,蠕
3089,蠢
3090,血
3091,衅
3092,行
3093,衍
3094,衔
3095,街
3096,衙
3097,衡
3098,衣
3099,补
3100,表
3101,衩
3102,衫
3103,衬
3104,衰
3105,衷
3106,袁
3107,袄
3108,袋
3109,袍
3110,袒
3111,袖
3112,袜
3113,被
3114,袭
3115,袱
3116,裁
3117,裂
3118,装
3119,裆
3120,裔
3121,裕
3122,裙
3123,裤
3124,裳
3125,裴
3126,裸
3127,裹
3128,褂
3129,褐
3130,褒
3131,褥
3132,褪
3133,襄
3134,襟
3135,西
3136,要
3137,覆
3138,见
3139,观
3140,规
3141,觅
3142,视
3143,览
3144,觉
3145,角
3146,解
3147,触
3148,言
3149,詹
3150,誉
3151,誊
3152,誓
3153,警
3154,譬
3155,计
3156,订
3157,讣
3158,认
3159,讥
3160,讨
3161,让
3162,讫
3163,训
3164,议
3165,讯
3166,记
3167,讲
3168,讳
3169,讶
3170,许
3171,讹
3172,论
3173,讼
3174,讽
3175,设
3176,访
3177,诀
3178,证
3179,评
3180,诅
3181,识
3182,诈
3183,诉
3184,诊
3185,诌
3186,词
3187,译
3188,试
3189,诗
3190,诚
3191,诛
3192,话
3193,诞
3194,诡
3195,询
3196,诣
3197,该
3198,详
3199,诧
3200,诫
3201,诬
3202,语
3203,误
3204,诱
3205,诲
3206,说
3207,诵
3208,请
3209,诸
3210,诺
3211,读
3212,诽
3213,课
3214,谁
3215,调
3216,谅
3217,谆
3218,谈
3219,谊
3220,谋
3221,谍
3222,谎
3223,谐
3224,谒
3225,谓
3226,谗
3227,谚
3228,谜
3229,谢
3230,谣
3231,谤
3232,谦
3233,谨
3234,谩
3235,谬
3236,谭
3237,谰
3238,谱
3239,谴
3240,谷
3241,豁
3242,豆
3243,豌
3244,象
3245,豢
3246,豪
3247,豫
3248,豹
3249,豺
3250,貉
3251,貌
3252,贝
3253,贞
3254,负
3255,贡
3256,财
3257,责
3258,贤
3259,败
3260,账
3261,货
3262,质
3263,贩
3264,贪
3265,贫
3266,贬
3267,购
3268,贮
3269,贯
3270,贰
3271,贱
3272,贴
3273,贵
3274,贷
3275,贸
3276,费
3277,贺
3278,贼
3279,贾
3280,贿
3281,赁
3282,赂
3283,赃
3284,资
3285,赊
3286,赋
3287,赌
3288,赎
3289,赏
3290,赐
3291,赔
3292,赖
3293,赘
3294,赚
3295,赛
3296,赞
3297,赠
3298,赡
3299,赢
3300,赣
3301,赤
3302,赦
3303,赫
3304,走
3305,赴
3306,赵
3307,赶
3308,起
3309,趁
3310,超
3311,越
3312,趋
3313,趟
3314,趣
3315,足
3316,趴
3317,趾
3318,跃
3319,跋
3320,跌
3321,跑
3322,跛
3323,距
3324,跟
3325,跨
3326,跪
3327,路
3328,跳
3329,践
3330,跷
3331,跺
3332,踊
3333,踌
3334,踏
3335,踞
3336,踢
3337,踩
3338,踪
3339,踱
3340,蹂
3341,蹄
3342,蹈
3343,蹋
3344,蹦
3345,蹬
3346,蹭
3347,蹲
3348,蹿
3349,躁
3350,躇
3351,躏
3352,身
3353,躬
3354,躯
3355,躲
3356,躺
3357,车
3358,轧
3359,轨
3360,轩
3361,转
3362,轮
3363,软
3364,轰
3365,轴
3366,轻
3367,载
3368,轿
3369,较
3370,辅
3371,辆
3372,辈
3373,辉
3374,辐
3375,辑
3376,输
3377,辕
3378,辖
3379,辗
3380,辙
3381,辛
3382,辜
3383,辞
3384,辟
3385,辣
3386,辨
3387,辩
3388,辫
3389,辰
3390,辱
3391,边
3392,辽
3393,达
3394,迁
3395,迂
3396,迄
3397,迅
3398,过
3399,迈
3400,迎
3401,运
3402,近
3403,返
3404,还
3405,这
3406,进
3407,远
3408,违
3409,连
3410,迟
3411,迢
3412,迪
3413,迫
3414,迭
3415,述
3416,迷
3417,迸
3418,迹
3419,追
3420,退
3421,送
3422,适
3423,逃
3424,逆
3425,选
3426,逊
3427,透
3428,逐
3429,递
3430,途
3431,逗
3432,通
3433,逛
3434,逝
3435,逞
3436,速
3437,造
3438,逢
3439,逮
3440,逸
3441,逻
3442,逼
3443,逾
3444,遁
3445,遂
3446,遇
3447,遍
3448,遏
3449,道
3450,遗
3451,遣
3452,遥
3453,遭
3454,遮
3455,遵
3456,避
3457,邀
3458,邑
3459,邓
3460,邢
3461,那
3462,邦
3463,邪
3464,邮
3465,邯
3466,邱
3467,邵
3468,邹
3469,邻
3470,郁
3471,郊
3472,郎
3473,郑
3474,郝
3475,郡
3476,郧
3477,部
3478,郭
3479,郴
3480,郸
3481,都
3482,鄂
3483,鄙
3484,酉
3485,酋
3486,酌
3487,配
3488,酒
3489,酗
3490,酚
3491,酝
3492,酣
3493,酥
3494,酪
3495,酬
3496,酮
3497,酱
3498,酵
3499,酶
3500,酷
3501,酸
3502,酿
3503,醇
3504,醉
3505,醋
3506,醒
3507,醚
3508,采
3509,釉
3510,释
3511,里
3512,重
3513,野
3514,量
3515,金
3516,釜
3517,鉴
3518,针
3519,钉
3520,钎
3521,钒
3522,钓
3523,钙
3524,钝
3525,钞
3526,钟
3527,钠
3528,钡
3529,钢
3530,钥
3531,钦
3532,钧
3533,钨
3534,钩
3535,钮
3536,钱
3537,钳
3538,钵
3539,钻
3540,钾
3541,铀
3542,铁
3543,铂
3544,铃
3545,铅
3546,铆
3547,铐
3548,铛
3549,铜
3550,铝
3551,铡
3552,铣
3553,铬
3554,铭
3555,铰
3556,铱
3557,铲
3558,银
3559,铸
3560,铺
3561,链
3562,销
3563,锁
3564,锄
3565,锅
3566,锈
3567,锉
3568,锋
3569,锌
3570,锐
3571,锑
3572,错
3573,锚
3574,锡
3575,锣
3576,锤
3577,锥
3578,锦
3579,锨
3580,锭
3581,键
3582,锯
3583,锰
3584,锹
3585,锻
3586,镀
3587,镁
3588,镇
3589,镍
3590,镐
3591,镑
3592,镜
3593,镣
3594,镭
3595,镰
3596,镶
3597,长
3598,门
3599,闪
3600,闭
3601,问
3602,闯
3603,闰
3604,闲
3605,间
3606,闷
3607,闸
3608,闹
3609,闺
3610,闻
3611,闽
3612,阀
3613,阁
3614,阂
3615,阅
3616,阉
3617,阎
3618,阐
3619,阑
3620,阔
3621,阜
3622,队
3623,阮
3624,阱
3625,防
3626,阳
3627,阴
3628,阵
3629,阶
3630,阻
3631,阿
3632,陀
3633,附
3634,际
3635,陆
3636,陇
3637,陈
3638,陋
3639,陌
3640,降
3641,限
3642,陕
3643,陛
3644,陡
3645,院
3646,除
3647,陨
3648,险
3649,陪
3650,陵
3651,陶
3652,陷
3653,隅
3654,隆
3655,隋
3656,随
3657,隐
3658,隔
3659,隘
3660,隙
3661,障
3662,隧
3663,隶
3664,难
3665,雀
3666,雁
3667,雄
3668,雅
3669,集
3670,雇
3671,雌
3672,雍
3673,雏
3674,雕
3675,雨
3676,雪
3677,雳
3678,零
3679,雷
3680,雹
3681,雾
3682,需
3683,霄
3684,震
3685,霉
3686,霍
3687,霎
3688,霓
3689,霖
3690,霜
3691,霞
3692,露
3693,霸
3694,霹
3695,青
3696,靖
3697,静
3698,靛
3699,非
3700,靠
3701,靡
3702,面
3703,革
3704,靳
3705,靴
3706,靶
3707,鞋
3708,鞍
3709,鞘
3710,鞠
3711,鞭
3712,韦
3713,韧
3714,韩
3715,韭
3716,音
3717,韵
3718,韶
3719,页
3720,顶
3721,顷
3722,项
3723,顺
3724,须
3725,顽
3726,顾
3727,顿
3728,颁
3729,颂
3730,预
3731,颅
3732,领
3733,颇
3734,颈
3735,颊
3736,颐
3737,频
3738,颓
3739,颖
3740,颗
3741,题
3742,颜
3743,额
3744,颠
3745,颤
3746,颧
3747,风
3748,飒
3749,飘
3750,飞
3751,食
3752,餐
3753,饥
3754,饭
3755,饮
3756,饯
3757,饰
3758,饱
3759,饲
3760,饵
3761,饶
3762,饺
3763,饼
3764,饿
3765,馁
3766,馅
3767,馆
3768,馈
3769,馋
3770,馍
3771,馏
3772,馒
3773,首
3774,香
3775,马
3776,驭
3777,驮
3778,驯
3779,驰
3780,驱
3781,驳
3782,驴
3783,驶
3784,驹
3785,驻
3786,驼
3787,驾
3788,骂
3789,骄
3790,骆
3791,骇
3792,骋
3793,验
3794,骏
3795,骑
3796,骗
3797,骚
3798,骡
3799,骤
3800,骨
3801,骸
3802,髓
3803,高
3804,鬃
3805,鬓
3806,鬼
3807,魁
3808,魂
3809,魄
3810,魏
3811,魔
3812,鱼
3813,鲁
3814,鲍
3815,鲜
3816,鲤
3817,鲫
3818,鲸
3819,鳃
3820,鳄
3821,鳍
3822,鳖
3823,鳞
3824,鸟
3825,鸠
3826,鸡
3827,鸣
3828,鸥
3829,鸦
3830,鸭
3831,鸯
3832,鸳
3833,鸵
3834,鸽
3835,鸿
3836,鹃
3837,鹅
3838,鹉
3839,鹊
3840,鹏
3841,鹤
3842,鹦
3843,鹰
3844,鹿
3845,麓
3846,麦
3847,麸
3848,麻
3849,黄
3850,黍
3851,黎
3852,黑
3853,黔
3854,默
3855,鼎
3856,鼓
3857,鼠
3858,鼻
3859,齐
3860,齿
3861,龄
3862,龋
3863,龙
3864,龚
3865,龟
